<?xml version="1.0" encoding="UTF-8"?>
<metadata xml:lang="en"><Esri><CreaDate>20240502</CreaDate><CreaTime>13491100</CreaTime><ArcGISFormat>1.0</ArcGISFormat><SyncOnce>FALSE</SyncOnce><DataProperties><lineage><Process ToolSource="c:\program files (x86)\arcgis\desktop10.1\ArcToolbox\Toolboxes\Data Management Tools.tbx\CalculateField" Date="20150415" Time="163835">CalculateField NHDFlowline FCODE "46003" VB #</Process><Process ToolSource="d:\program files (x86)\arcgis\desktop10.8\ArcToolbox\Toolboxes\Data Management Tools.tbx\Merge" Date="20240425" Time="144141">Merge Trinity_mainstream_update0416;San_Antonio_mainstream_UPDATE0416;Sabine_mainstream_update0416;Nueces_mainstream_update0416;Neches_mainstream_Update0416;Colorado_mainstream_update0416;Brazos_mainstream_update0416 E:\Work\Nat_vs_USGS_Q\USGS_Q\7_rivers.shp "COMID "COMID" true true false 9 Long 0 9 ,First,#,Trinity_mainstream_update0416,COMID,-1,-1,San_Antonio_mainstream_UPDATE0416,COMID,-1,-1,Sabine_mainstream_update0416,COMID,-1,-1,Nueces_mainstream_update0416,COMID,-1,-1,Neches_mainstream_Update0416,COMID,-1,-1,Colorado_mainstream_update0416,COMID,-1,-1,Brazos_mainstream_update0416,COMID,-1,-1;FDATE "FDATE" true true false 8 Date 0 0 ,First,#,Trinity_mainstream_update0416,FDATE,-1,-1,San_Antonio_mainstream_UPDATE0416,FDATE,-1,-1,Sabine_mainstream_update0416,FDATE,-1,-1,Nueces_mainstream_update0416,FDATE,-1,-1,Neches_mainstream_Update0416,FDATE,-1,-1,Colorado_mainstream_update0416,FDATE,-1,-1,Brazos_mainstream_update0416,FDATE,-1,-1;RESOLUTION "RESOLUTION" true true false 7 Text 0 0 ,First,#,Trinity_mainstream_update0416,RESOLUTION,-1,-1,San_Antonio_mainstream_UPDATE0416,RESOLUTION,-1,-1,Sabine_mainstream_update0416,RESOLUTION,-1,-1,Nueces_mainstream_update0416,RESOLUTION,-1,-1,Neches_mainstream_Update0416,RESOLUTION,-1,-1,Colorado_mainstream_update0416,RESOLUTION,-1,-1,Brazos_mainstream_update0416,RESOLUTION,-1,-1;GNIS_ID "GNIS_ID" true true false 10 Text 0 0 ,First,#,Trinity_mainstream_update0416,GNIS_ID,-1,-1,San_Antonio_mainstream_UPDATE0416,GNIS_ID,-1,-1,Sabine_mainstream_update0416,GNIS_ID,-1,-1,Nueces_mainstream_update0416,GNIS_ID,-1,-1,Neches_mainstream_Update0416,GNIS_ID,-1,-1,Colorado_mainstream_update0416,GNIS_ID,-1,-1,Brazos_mainstream_update0416,GNIS_ID,-1,-1;GNIS_NAME "GNIS_NAME" true true false 65 Text 0 0 ,First,#,Trinity_mainstream_update0416,GNIS_NAME,-1,-1,San_Antonio_mainstream_UPDATE0416,GNIS_NAME,-1,-1,Sabine_mainstream_update0416,GNIS_NAME,-1,-1,Nueces_mainstream_update0416,GNIS_NAME,-1,-1,Neches_mainstream_Update0416,GNIS_NAME,-1,-1,Colorado_mainstream_update0416,GNIS_NAME,-1,-1,Brazos_mainstream_update0416,GNIS_NAME,-1,-1;LENGTHKM "LENGTHKM" true true false 19 Double 11 18 ,First,#,Trinity_mainstream_update0416,LENGTHKM,-1,-1,San_Antonio_mainstream_UPDATE0416,LENGTHKM,-1,-1,Sabine_mainstream_update0416,LENGTHKM,-1,-1,Nueces_mainstream_update0416,LENGTHKM,-1,-1,Neches_mainstream_Update0416,LENGTHKM,-1,-1,Colorado_mainstream_update0416,LENGTHKM,-1,-1,Brazos_mainstream_update0416,LENGTHKM,-1,-1;REACHCODE "REACHCODE" true true false 14 Text 0 0 ,First,#,Trinity_mainstream_update0416,REACHCODE,-1,-1,San_Antonio_mainstream_UPDATE0416,REACHCODE,-1,-1,Sabine_mainstream_update0416,REACHCODE,-1,-1,Nueces_mainstream_update0416,REACHCODE,-1,-1,Neches_mainstream_Update0416,REACHCODE,-1,-1,Colorado_mainstream_update0416,REACHCODE,-1,-1,Brazos_mainstream_update0416,REACHCODE,-1,-1;FLOWDIR "FLOWDIR" true true false 15 Text 0 0 ,First,#,Trinity_mainstream_update0416,FLOWDIR,-1,-1,San_Antonio_mainstream_UPDATE0416,FLOWDIR,-1,-1,Sabine_mainstream_update0416,FLOWDIR,-1,-1,Nueces_mainstream_update0416,FLOWDIR,-1,-1,Neches_mainstream_Update0416,FLOWDIR,-1,-1,Colorado_mainstream_update0416,FLOWDIR,-1,-1,Brazos_mainstream_update0416,FLOWDIR,-1,-1;WBAREACOMI "WBAREACOMI" true true false 9 Long 0 9 ,First,#,Trinity_mainstream_update0416,WBAREACOMI,-1,-1,San_Antonio_mainstream_UPDATE0416,WBAREACOMI,-1,-1,Sabine_mainstream_update0416,WBAREACOMI,-1,-1,Nueces_mainstream_update0416,WBAREACOMI,-1,-1,Neches_mainstream_Update0416,WBAREACOMI,-1,-1,Colorado_mainstream_update0416,WBAREACOMI,-1,-1,Brazos_mainstream_update0416,WBAREACOMI,-1,-1;FTYPE "FTYPE" true true false 24 Text 0 0 ,First,#,Trinity_mainstream_update0416,FTYPE,-1,-1,San_Antonio_mainstream_UPDATE0416,FTYPE,-1,-1,Sabine_mainstream_update0416,FTYPE,-1,-1,Nueces_mainstream_update0416,FTYPE,-1,-1,Neches_mainstream_Update0416,FTYPE,-1,-1,Colorado_mainstream_update0416,FTYPE,-1,-1,Brazos_mainstream_update0416,FTYPE,-1,-1;FCODE "FCODE" true true false 9 Long 0 9 ,First,#,Trinity_mainstream_update0416,FCODE,-1,-1,San_Antonio_mainstream_UPDATE0416,FCODE,-1,-1,Sabine_mainstream_update0416,FCODE,-1,-1,Nueces_mainstream_update0416,FCODE,-1,-1,Neches_mainstream_Update0416,FCODE,-1,-1,Colorado_mainstream_update0416,FCODE,-1,-1,Brazos_mainstream_update0416,FCODE,-1,-1;SHAPE_LENG "SHAPE_LENG" true true false 19 Double 11 18 ,First,#,Trinity_mainstream_update0416,SHAPE_LENG,-1,-1,San_Antonio_mainstream_UPDATE0416,SHAPE_LENG,-1,-1,Sabine_mainstream_update0416,SHAPE_LENG,-1,-1,Nueces_mainstream_update0416,SHAPE_LENG,-1,-1,Neches_mainstream_Update0416,SHAPE_LENG,-1,-1,Colorado_mainstream_update0416,SHAPE_LENG,-1,-1,Brazos_mainstream_update0416,SHAPE_LENG,-1,-1;ENABLED "ENABLED" true true false 6 Text 0 0 ,First,#,Trinity_mainstream_update0416,ENABLED,-1,-1,San_Antonio_mainstream_UPDATE0416,ENABLED,-1,-1,Sabine_mainstream_update0416,ENABLED,-1,-1,Nueces_mainstream_update0416,ENABLED,-1,-1,Neches_mainstream_Update0416,ENABLED,-1,-1,Colorado_mainstream_update0416,ENABLED,-1,-1,Brazos_mainstream_update0416,ENABLED,-1,-1;GNIS_NBR "GNIS_NBR" true true false 9 Long 0 9 ,First,#,Trinity_mainstream_update0416,GNIS_NBR,-1,-1,San_Antonio_mainstream_UPDATE0416,GNIS_NBR,-1,-1,Sabine_mainstream_update0416,GNIS_NBR,-1,-1,Nueces_mainstream_update0416,GNIS_NBR,-1,-1,Neches_mainstream_Update0416,GNIS_NBR,-1,-1,Colorado_mainstream_update0416,GNIS_NBR,-1,-1,Brazos_mainstream_update0416,GNIS_NBR,-1,-1"</Process><Process ToolSource="d:\program files (x86)\arcgis\desktop10.8\ArcToolbox\Toolboxes\Data Management Tools.tbx\Project" Date="20240425" Time="145350">Project 7_rivers E:\Work\Nat_vs_USGS_Q\USGS_Q\7_riverst.shp PROJCS['NAD_1983_Albers',GEOGCS['GCS_North_American_1983',DATUM['D_North_American_1983',SPHEROID['GRS_1980',6378137.0,298.257222101]],PRIMEM['Greenwich',0.0],UNIT['Degree',0.0174532925199433]],PROJECTION['Albers'],PARAMETER['False_Easting',1000000.0],PARAMETER['False_Northing',1000000.0],PARAMETER['Central_Meridian',-100.0],PARAMETER['Standard_Parallel_1',27.41666666666667],PARAMETER['Standard_Parallel_2',34.91666666666666],PARAMETER['Latitude_Of_Origin',31.16666666666667],UNIT['Meter',1.0]] # GEOGCS['GCS_North_American_1983',DATUM['D_North_American_1983',SPHEROID['GRS_1980',6378137.0,298.257222101]],PRIMEM['Greenwich',0.0],UNIT['Degree',0.0174532925199433]] NO_PRESERVE_SHAPE # NO_VERTICAL</Process></lineage><itemProps><itemName Sync="TRUE">7_rivers</itemName><imsContentType Sync="TRUE">002</imsContentType><itemSize Sync="TRUE">0.000</itemSize><itemLocation><linkage Sync="TRUE">file://\\WE41536\E$\Work\Nat_vs_USGS_Q\USGS_Q\7_riversCopy</linkage><protocol Sync="TRUE">Local Area Network</protocol></itemLocation></itemProps><coordRef><type Sync="TRUE">Geographic</type><geogcsn Sync="TRUE">GCS_North_American_1983</geogcsn><csUnits Sync="TRUE">Angular Unit: Degree (0.017453)</csUnits><peXml Sync="TRUE">&lt;GeographicCoordinateSystem xsi:type='typens:GeographicCoordinateSystem' xmlns:xsi='http://www.w3.org/2001/XMLSchema-instance' xmlns:xs='http://www.w3.org/2001/XMLSchema' xmlns:typens='http://www.esri.com/schemas/ArcGIS/10.8'&gt;&lt;WKT&gt;GEOGCS[&amp;quot;GCS_North_American_1983&amp;quot;,DATUM[&amp;quot;D_North_American_1983&amp;quot;,SPHEROID[&amp;quot;GRS_1980&amp;quot;,6378137.0,298.257222101]],PRIMEM[&amp;quot;Greenwich&amp;quot;,0.0],UNIT[&amp;quot;Degree&amp;quot;,0.0174532925199433],AUTHORITY[&amp;quot;EPSG&amp;quot;,4269]]&lt;/WKT&gt;&lt;XOrigin&gt;-400&lt;/XOrigin&gt;&lt;YOrigin&gt;-400&lt;/YOrigin&gt;&lt;XYScale&gt;11258999068426.238&lt;/XYScale&gt;&lt;ZOrigin&gt;-100000&lt;/ZOrigin&gt;&lt;ZScale&gt;10000&lt;/ZScale&gt;&lt;MOrigin&gt;-100000&lt;/MOrigin&gt;&lt;MScale&gt;10000&lt;/MScale&gt;&lt;XYTolerance&gt;8.9831528411952133e-09&lt;/XYTolerance&gt;&lt;ZTolerance&gt;0.001&lt;/ZTolerance&gt;&lt;MTolerance&gt;0.001&lt;/MTolerance&gt;&lt;HighPrecision&gt;true&lt;/HighPrecision&gt;&lt;LeftLongitude&gt;-180&lt;/LeftLongitude&gt;&lt;WKID&gt;4269&lt;/WKID&gt;&lt;LatestWKID&gt;4269&lt;/LatestWKID&gt;&lt;/GeographicCoordinateSystem&gt;</peXml></coordRef><copyHistory><copy source="E:\Work\Nat_vs_USGS_Q\USGS_Q\7_rivers" dest="\\WE41536\E$\Work\Nat_vs_USGS_Q\USGS_Q\7_riversCopy" date="20240502" time="13491100"></copy></copyHistory></DataProperties><SyncDate>20240425</SyncDate><SyncTime>14413800</SyncTime><ModDate>20240425</ModDate><ModTime>14413800</ModTime></Esri><dataIdInfo><envirDesc Sync="TRUE"> Version 6.2 (Build 9200) ; Esri ArcGIS 10.8.1.14362</envirDesc><dataLang><languageCode value="eng" Sync="TRUE"></languageCode><countryCode value="USA" Sync="TRUE"></countryCode></dataLang><idCitation><resTitle Sync="TRUE">7_rivers</resTitle><presForm><PresFormCd value="005" Sync="TRUE"></PresFormCd></presForm></idCitation><spatRpType><SpatRepTypCd value="001" Sync="TRUE"></SpatRepTypCd></spatRpType></dataIdInfo><mdLang><languageCode value="eng" Sync="TRUE"></languageCode><countryCode value="USA" Sync="TRUE"></countryCode></mdLang><mdChar><CharSetCd value="004" Sync="TRUE"></CharSetCd></mdChar><distInfo><distFormat><formatName Sync="TRUE">Shapefile</formatName></distFormat><distTranOps><transSize Sync="TRUE">0.000</transSize></distTranOps></distInfo><mdHrLv><ScopeCd value="005" Sync="TRUE"></ScopeCd></mdHrLv><mdHrLvName Sync="TRUE">dataset</mdHrLvName><refSysInfo><RefSystem><refSysID><identCode code="4269" Sync="TRUE"></identCode><idCodeSpace Sync="TRUE">EPSG</idCodeSpace><idVersion Sync="TRUE">9.8(3.0.1)</idVersion></refSysID></RefSystem></refSysInfo><spatRepInfo><VectSpatRep><geometObjs Name="7_rivers"><geoObjTyp><GeoObjTypCd value="002" Sync="TRUE"></GeoObjTypCd></geoObjTyp><geoObjCnt Sync="TRUE">0</geoObjCnt></geometObjs><topLvl><TopoLevCd value="001" Sync="TRUE"></TopoLevCd></topLvl></VectSpatRep></spatRepInfo><spdoinfo><ptvctinf><esriterm Name="7_rivers"><efeatyp Sync="TRUE">Simple</efeatyp><efeageom code="3" Sync="TRUE"></efeageom><esritopo Sync="TRUE">FALSE</esritopo><efeacnt Sync="TRUE">0</efeacnt><spindex Sync="TRUE">FALSE</spindex><linrefer Sync="TRUE">TRUE</linrefer></esriterm></ptvctinf></spdoinfo><eainfo><detailed Name="7_rivers"><enttyp><enttypl Sync="TRUE">7_rivers</enttypl><enttypt Sync="TRUE">Feature Class</enttypt><enttypc Sync="TRUE">0</enttypc></enttyp><attr><attrlabl Sync="TRUE">FID</attrlabl><attalias Sync="TRUE">FID</attalias><attrtype Sync="TRUE">OID</attrtype><attwidth Sync="TRUE">4</attwidth><atprecis Sync="TRUE">0</atprecis><attscale Sync="TRUE">0</attscale><attrdef Sync="TRUE">Internal feature number.</attrdef><attrdefs Sync="TRUE">Esri</attrdefs><attrdomv><udom Sync="TRUE">Sequential unique whole numbers that are automatically generated.</udom></attrdomv></attr><attr><attrlabl Sync="TRUE">Shape</attrlabl><attalias Sync="TRUE">Shape</attalias><attrtype Sync="TRUE">Geometry</attrtype><attwidth Sync="TRUE">0</attwidth><atprecis Sync="TRUE">0</atprecis><attscale Sync="TRUE">0</attscale><attrdef Sync="TRUE">Feature geometry.</attrdef><attrdefs Sync="TRUE">Esri</attrdefs><attrdomv><udom Sync="TRUE">Coordinates defining the features.</udom></attrdomv></attr><attr><attrlabl Sync="TRUE">COMID</attrlabl><attalias Sync="TRUE">COMID</attalias><attrtype Sync="TRUE">Integer</attrtype><attwidth Sync="TRUE">9</attwidth><atprecis Sync="TRUE">9</atprecis><attscale Sync="TRUE">0</attscale></attr><attr><attrlabl Sync="TRUE">FDATE</attrlabl><attalias Sync="TRUE">FDATE</attalias><attrtype Sync="TRUE">Date</attrtype><attwidth Sync="TRUE">8</attwidth><atprecis Sync="TRUE">0</atprecis><attscale Sync="TRUE">0</attscale></attr><attr><attrlabl Sync="TRUE">RESOLUTION</attrlabl><attalias Sync="TRUE">RESOLUTION</attalias><attrtype Sync="TRUE">String</attrtype><attwidth Sync="TRUE">7</attwidth><atprecis Sync="TRUE">0</atprecis><attscale Sync="TRUE">0</attscale></attr><attr><attrlabl Sync="TRUE">GNIS_ID</attrlabl><attalias Sync="TRUE">GNIS_ID</attalias><attrtype Sync="TRUE">String</attrtype><attwidth Sync="TRUE">10</attwidth><atprecis Sync="TRUE">0</atprecis><attscale Sync="TRUE">0</attscale></attr><attr><attrlabl Sync="TRUE">GNIS_NAME</attrlabl><attalias Sync="TRUE">GNIS_NAME</attalias><attrtype Sync="TRUE">String</attrtype><attwidth Sync="TRUE">65</attwidth><atprecis Sync="TRUE">0</atprecis><attscale Sync="TRUE">0</attscale></attr><attr><attrlabl Sync="TRUE">LENGTHKM</attrlabl><attalias Sync="TRUE">LENGTHKM</attalias><attrtype Sync="TRUE">Double</attrtype><attwidth Sync="TRUE">19</attwidth><atprecis Sync="TRUE">18</atprecis><attscale Sync="TRUE">11</attscale></attr><attr><attrlabl Sync="TRUE">REACHCODE</attrlabl><attalias Sync="TRUE">REACHCODE</attalias><attrtype Sync="TRUE">String</attrtype><attwidth Sync="TRUE">14</attwidth><atprecis Sync="TRUE">0</atprecis><attscale Sync="TRUE">0</attscale></attr><attr><attrlabl Sync="TRUE">FLOWDIR</attrlabl><attalias Sync="TRUE">FLOWDIR</attalias><attrtype Sync="TRUE">String</attrtype><attwidth Sync="TRUE">15</attwidth><atprecis Sync="TRUE">0</atprecis><attscale Sync="TRUE">0</attscale></attr><attr><attrlabl Sync="TRUE">WBAREACOMI</attrlabl><attalias Sync="TRUE">WBAREACOMI</attalias><attrtype Sync="TRUE">Integer</attrtype><attwidth Sync="TRUE">9</attwidth><atprecis Sync="TRUE">9</atprecis><attscale Sync="TRUE">0</attscale></attr><attr><attrlabl Sync="TRUE">FTYPE</attrlabl><attalias Sync="TRUE">FTYPE</attalias><attrtype Sync="TRUE">String</attrtype><attwidth Sync="TRUE">24</attwidth><atprecis Sync="TRUE">0</atprecis><attscale Sync="TRUE">0</attscale></attr><attr><attrlabl Sync="TRUE">FCODE</attrlabl><attalias Sync="TRUE">FCODE</attalias><attrtype Sync="TRUE">Integer</attrtype><attwidth Sync="TRUE">9</attwidth><atprecis Sync="TRUE">9</atprecis><attscale Sync="TRUE">0</attscale></attr><attr><attrlabl Sync="TRUE">SHAPE_LENG</attrlabl><attalias Sync="TRUE">SHAPE_LENG</attalias><attrtype Sync="TRUE">Double</attrtype><attwidth Sync="TRUE">19</attwidth><atprecis Sync="TRUE">18</atprecis><attscale Sync="TRUE">11</attscale></attr><attr><attrlabl Sync="TRUE">ENABLED</attrlabl><attalias Sync="TRUE">ENABLED</attalias><attrtype Sync="TRUE">String</attrtype><attwidth Sync="TRUE">6</attwidth><atprecis Sync="TRUE">0</atprecis><attscale Sync="TRUE">0</attscale></attr><attr><attrlabl Sync="TRUE">GNIS_NBR</attrlabl><attalias Sync="TRUE">GNIS_NBR</attalias><attrtype Sync="TRUE">Integer</attrtype><attwidth Sync="TRUE">9</attwidth><atprecis Sync="TRUE">9</atprecis><attscale Sync="TRUE">0</attscale></attr></detailed></eainfo><mdDateSt Sync="TRUE">20240425</mdDateSt></metadata>
