<?xml version="1.0" encoding="UTF-8"?>
<metadata xml:lang="en"><Esri><CreaDate>20240523</CreaDate><CreaTime>13361600</CreaTime><ArcGISFormat>1.0</ArcGISFormat><SyncOnce>TRUE</SyncOnce><DataProperties><itemProps><itemLocation><linkage Sync="TRUE">file://\\WE41536\E$\Work\Nat_vs_USGS_Q\USGS_Q\DrainageArea\8065000</linkage><protocol Sync="TRUE">Local Area Network</protocol></itemLocation></itemProps><copyHistory><copy source="E:\Work\Nat_vs_USGS_Q\USGS_Q\Trinity\prj\8065000" dest="\\WE41536\E$\Work\Nat_vs_USGS_Q\USGS_Q\DrainageArea\8065000" date="20240523" time="13361600"></copy></copyHistory></DataProperties></Esri></metadata>
